rank,selection,project,issue,title,status,upvotes,downvotes,updated,url
1,globally vote-sorted,mutter,37,Separate workspaces on multiple monitors,opened,207,1,2026-08-03T08:18:20.646Z,https://gitlab.gnome.org/GNOME/mutter/-/work_items/37
2,globally vote-sorted,nautilus,1157,"Implement ""Jump to file"" feature (type ahead / type to seek)",opened,135,0,2026-01-12T14:21:44.681Z,https://gitlab.gnome.org/GNOME/nautilus/-/work_items/1157
3,globally vote-sorted,geary,53,Unified inbox,opened,92,1,2024-02-19T11:20:54.770Z,https://gitlab.gnome.org/GNOME/geary/-/work_items/53
4,globally vote-sorted,gnome-shell,5208,Ability to save screenshots to clipboard only (without saving to disk),opened,84,0,2026-05-05T23:07:25.420Z,https://gitlab.gnome.org/GNOME/gnome-shell/-/work_items/5208
5,globally vote-sorted,geary,6,Tracking: Transparent encryption and signing with GPG,opened,75,0,2026-05-17T19:37:41.713Z,https://gitlab.gnome.org/GNOME/geary/-/work_items/6
6,globally vote-sorted,gnome-shell,4603,Top bar on all monitors,opened,71,0,2026-05-05T19:20:12.469Z,https://gitlab.gnome.org/GNOME/gnome-shell/-/work_items/4603
7,globally vote-sorted,gnome-control-center,379,Ability to set scroll speed in system settings,opened,71,0,2026-02-09T16:08:45.252Z,https://gitlab.gnome.org/GNOME/gnome-control-center/-/work_items/379
8,globally vote-sorted,geary,1212,Port to GTK4,opened,70,0,2025-12-15T20:56:01.826Z,https://gitlab.gnome.org/GNOME/geary/-/work_items/1212
9,globally vote-sorted,gnome-shell,3867,Login controls not displayed on all screens,opened,67,0,2026-05-23T01:55:11.669Z,https://gitlab.gnome.org/GNOME/gnome-shell/-/work_items/3867
10,globally vote-sorted,gnome-shell,5634,Rework GNOME Shell's architecture to allow restarting under Wayland without crashing / taking down the spawned apps with it,opened,54,0,2025-03-11T01:45:33.856Z,https://gitlab.gnome.org/GNOME/gnome-shell/-/work_items/5634
11,globally vote-sorted,file-roller,4,File Roller drag'n'drop extraction to Nautilus folder is broken,opened,53,0,2025-11-21T23:58:59.643Z,https://gitlab.gnome.org/GNOME/file-roller/-/work_items/4
12,globally vote-sorted,gnome-software,942,Quit when inactive,opened,50,0,2026-01-08T16:14:10.376Z,https://gitlab.gnome.org/GNOME/gnome-software/-/work_items/942
13,globally vote-sorted,gnome-shell,225,Wrong keyboard layout in lock screen,opened,49,0,2026-05-28T12:41:49.313Z,https://gitlab.gnome.org/GNOME/gnome-shell/-/work_items/225
14,globally vote-sorted,mutter,2517,Update for the Wayland tearing protocol,opened,48,0,2024-12-10T04:44:16.412Z,https://gitlab.gnome.org/GNOME/mutter/-/work_items/2517
15,globally vote-sorted,geary,101,"Ability to ""mark all emails as read""",opened,47,0,2023-10-08T06:18:52.090Z,https://gitlab.gnome.org/GNOME/geary/-/work_items/101
16,globally vote-sorted,mutter,673,Disable focus stealing prevention,opened,46,8,2026-07-19T15:21:03.699Z,https://gitlab.gnome.org/GNOME/mutter/-/work_items/673
17,globally vote-sorted,gtk,326,Selecting a folder to save to loses focus on file name,opened,44,0,2023-11-27T11:34:57.396Z,https://gitlab.gnome.org/GNOME/gtk/-/work_items/326
18,globally vote-sorted,gnome-shell,1590,Blur semi-transparent backgrounds in some of GNOME Shell's UI components,opened,43,0,2026-08-08T12:06:07.697Z,https://gitlab.gnome.org/GNOME/gnome-shell/-/work_items/1590
19,globally vote-sorted,mutter,579,Snap to top and bottom (edges) too,opened,43,0,2024-10-21T04:35:45.540Z,https://gitlab.gnome.org/GNOME/mutter/-/work_items/579
20,globally vote-sorted,gnome-remote-desktop,16,Remote desktop with locked local screen,opened,40,0,2026-08-26T01:46:50.095Z,https://gitlab.gnome.org/GNOME/gnome-remote-desktop/-/work_items/16
21,globally vote-sorted,geary,85,Allow sorting/grouping conversations in the list,opened,39,0,2024-07-18T08:12:30.759Z,https://gitlab.gnome.org/GNOME/geary/-/work_items/85
22,globally vote-sorted,gnome-shell,181,OSK needs (at least the option of) modifiers (Ctrl/Alt/Super),opened,39,1,2026-01-29T19:36:48.770Z,https://gitlab.gnome.org/GNOME/gnome-shell/-/work_items/181
23,globally vote-sorted,Initiatives,26,Port to GTK4,opened,38,0,2026-08-27T15:42:04.901Z,https://gitlab.gnome.org/GNOME/Initiatives/-/work_items/26
24,globally vote-sorted,mutter,704,Better Window Tiling,opened,38,0,2026-08-26T09:47:48.130Z,https://gitlab.gnome.org/GNOME/mutter/-/work_items/704
25,globally vote-sorted,mutter,4083,color management: support scRGB,opened,36,0,2026-03-30T15:45:20.291Z,https://gitlab.gnome.org/GNOME/mutter/-/work_items/4083
26,globally vote-sorted,gnome-control-center,2060,Add automatic and manual scheduling for light and dark theme switching,opened,36,0,2026-05-20T10:46:59.083Z,https://gitlab.gnome.org/GNOME/gnome-control-center/-/work_items/2060
27,globally vote-sorted,gnome-control-center,1209,Add per-monitor min/max brightness settings,opened,36,0,2026-02-06T18:57:30.329Z,https://gitlab.gnome.org/GNOME/gnome-control-center/-/work_items/1209
28,globally vote-sorted,gnome-extensions-app,6,Extension installation?,opened,35,0,2026-07-01T10:32:56.626Z,https://gitlab.gnome.org/GNOME/gnome-extensions-app/-/work_items/6
29,globally vote-sorted,gnome-shell,3180,An easy way to return the Application Grid positions to its default? (Gnome 3.38),opened,35,0,2025-05-25T03:45:48.802Z,https://gitlab.gnome.org/GNOME/gnome-shell/-/work_items/3180
30,globally vote-sorted,gnome-online-accounts,102,"Cannot login to microsoft office365 ""exchange"" account with 2fa enabled",opened,35,0,2025-08-08T20:41:26.347Z,https://gitlab.gnome.org/GNOME/gnome-online-accounts/-/work_items/102
31,globally vote-sorted,mutter,478,Fractional Scaling Known issues and TODO,opened,35,0,2024-08-17T12:43:07.140Z,https://gitlab.gnome.org/GNOME/mutter/-/work_items/478
32,globally vote-sorted,glib,1026,"""Open with other application"" will set selected application as default",opened,35,0,2022-12-19T14:06:19.849Z,https://gitlab.gnome.org/GNOME/glib/-/work_items/1026
33,globally vote-sorted,libadwaita,53,Recoloring API,opened,34,0,2023-03-13T01:34:13.410Z,https://gitlab.gnome.org/GNOME/libadwaita/-/work_items/53
34,globally vote-sorted,seahorse,205,Import of certificate with seahorse does not work; Import button stays disabled,opened,34,0,2025-08-05T13:08:55.814Z,https://gitlab.gnome.org/GNOME/seahorse/-/work_items/205
35,globally vote-sorted,gnome-clocks,1,Allow that alarms also beep when gnome-clocks is not running,opened,34,0,2025-05-03T08:33:12.508Z,https://gitlab.gnome.org/GNOME/gnome-clocks/-/work_items/1
36,globally vote-sorted,gtk,6344,ListView scrolling sometimes jumps up and down when doing high-resolution scrolling,opened,33,0,2026-09-05T07:42:29.269Z,https://gitlab.gnome.org/GNOME/gtk/-/work_items/6344
37,globally vote-sorted,console,140,provide the option to change the default window size,opened,32,0,2023-04-28T09:39:06.403Z,https://gitlab.gnome.org/GNOME/console/-/work_items/140
38,globally vote-sorted,gnome-shell,4752,App grid: Allow uninstalling apps,opened,32,0,2025-05-25T03:56:58.349Z,https://gitlab.gnome.org/GNOME/gnome-shell/-/work_items/4752
39,globally vote-sorted,gtk,3814,GTK 4 Spellcheck Support,opened,32,0,2023-09-03T07:26:26.903Z,https://gitlab.gnome.org/GNOME/gtk/-/work_items/3814
40,globally vote-sorted,gnome-system-monitor,62,Provide GPU and vRAM usage in the Resources tab's graphs and counters,opened,32,0,2026-01-03T15:20:01.463Z,https://gitlab.gnome.org/GNOME/gnome-system-monitor/-/work_items/62
41,globally vote-sorted,nautilus,443,Improve running binaries experience,opened,32,1,2024-09-29T20:07:58.331Z,https://gitlab.gnome.org/GNOME/nautilus/-/work_items/443
42,globally vote-sorted,mutter,3182,Mouse not being recorded when screencasting (Even when enabled),opened,31,0,2026-06-08T18:33:11.664Z,https://gitlab.gnome.org/GNOME/mutter/-/work_items/3182
43,globally vote-sorted,vte,2495,Add support for OSC 52,opened,31,0,2025-12-21T01:13:24.843Z,https://gitlab.gnome.org/GNOME/vte/-/work_items/2495
44,globally vote-sorted,adwaita-icon-theme,24,Include additional mimetype icons?,opened,31,0,2024-07-09T07:31:14.279Z,https://gitlab.gnome.org/GNOME/adwaita-icon-theme/-/work_items/24
45,globally vote-sorted,gnome-shell,4307,[Feature] Blurred wallpaper as overview background,opened,30,1,2025-03-19T04:26:24.628Z,https://gitlab.gnome.org/GNOME/gnome-shell/-/work_items/4307
46,globally vote-sorted,nautilus,524,Prompt rename automatically when a new file is created from template,opened,30,0,2025-09-06T18:55:12.373Z,https://gitlab.gnome.org/GNOME/nautilus/-/work_items/524
47,globally vote-sorted,gnome-shell,5524,Ability to record system audio in video screencasts,opened,29,0,2026-08-29T06:07:11.483Z,https://gitlab.gnome.org/GNOME/gnome-shell/-/work_items/5524
48,globally vote-sorted,gnome-calendar,272,"More flexible event recurrence UI (repeat every X number of days/weeks/months/years, specific days of the week or month, etc.)",opened,29,0,2026-05-05T13:54:07.585Z,https://gitlab.gnome.org/GNOME/gnome-calendar/-/work_items/272
49,globally vote-sorted,gnome-software,313,Can't zoom in on screenshots,opened,29,0,2026-04-06T05:07:57.332Z,https://gitlab.gnome.org/GNOME/gnome-software/-/work_items/313
50,globally vote-sorted,gnome-control-center,2516,New design for fractional scaling setting,opened,28,1,2026-01-16T09:49:54.671Z,https://gitlab.gnome.org/GNOME/gnome-control-center/-/work_items/2516
51,verified current selection; not globally vote-sorted,nautilus,2978,"""Open in Console"": choose which terminal application to open",opened,22,0,2026-09-10T20:42:43.127Z,https://gitlab.gnome.org/GNOME/nautilus/-/work_items/2978
52,verified current selection; not globally vote-sorted,gnome-control-center,3374,Default Apps: Add Terminal,opened,16,0,2026-09-10T20:43:20.726Z,https://gitlab.gnome.org/GNOME/gnome-control-center/-/work_items/3374
53,verified current selection; not globally vote-sorted,vte,2601,Implementing the Kitty keyboard protocol,opened,15,0,2026-09-10T21:44:28.135Z,https://gitlab.gnome.org/GNOME/vte/-/work_items/2601
54,verified current selection; not globally vote-sorted,gtk,5384,Cannot use keyboard shortcut Ctrl+Shift+N to create new folder on non-Latin keyboard layouts,opened,15,0,2026-09-10T18:08:46.134Z,https://gitlab.gnome.org/GNOME/gtk/-/work_items/5384
55,verified current selection; not globally vote-sorted,gnome-bluetooth,13,Allow editing device name for display,opened,11,0,2026-09-08T07:09:05.230Z,https://gitlab.gnome.org/GNOME/gnome-bluetooth/-/work_items/13
56,verified current selection; not globally vote-sorted,gnome-calendar,98,"Ability to set / configure (or auto-remember) per-calendar default reminder alarm time delays, for newly created or imported ical events",opened,10,0,2026-09-11T16:19:18.452Z,https://gitlab.gnome.org/GNOME/gnome-calendar/-/work_items/98
57,verified current selection; not globally vote-sorted,nautilus,1936,Use zst compression instead of xz,opened,9,0,2026-09-11T16:37:43.714Z,https://gitlab.gnome.org/GNOME/nautilus/-/work_items/1936
58,verified current selection; not globally vote-sorted,gnome-autoar,29,Multiple threads support for (de)compression,opened,7,0,2026-09-11T14:41:17.303Z,https://gitlab.gnome.org/GNOME/gnome-autoar/-/work_items/29
59,verified current selection; not globally vote-sorted,gnome-control-center,3773,Support image-based system updates,opened,7,0,2026-09-11T12:42:19.231Z,https://gitlab.gnome.org/GNOME/gnome-control-center/-/work_items/3773
60,verified current selection; not globally vote-sorted,gnome-shell,8617,Keyboard layout changes when typing password on lock screen,opened,5,0,2026-09-09T11:51:51.484Z,https://gitlab.gnome.org/GNOME/gnome-shell/-/work_items/8617
61,verified current selection; not globally vote-sorted,papers,210,"Implement tile-based rendering (faster, multithreaded, lower memory usage, etc.)",opened,4,0,2026-09-11T14:07:22.075Z,https://gitlab.gnome.org/GNOME/papers/-/work_items/210
62,verified current selection; not globally vote-sorted,mutter,4022,temporary low frame rate after wake from suspend,opened,4,0,2026-09-10T14:43:15.003Z,https://gitlab.gnome.org/GNOME/mutter/-/work_items/4022
63,verified current selection; not globally vote-sorted,gnome-build-meta,709,Move to dbus-broker,opened,3,0,2026-09-10T13:21:49.598Z,https://gitlab.gnome.org/GNOME/gnome-build-meta/-/work_items/709
64,verified current selection; not globally vote-sorted,mutter,1330,Mutter on Wayland makes incorrect assumption about StartupNotify key in desktop entries,opened,3,0,2026-09-10T01:44:48.600Z,https://gitlab.gnome.org/GNOME/mutter/-/work_items/1330
65,verified current selection; not globally vote-sorted,gnome-control-center,3721,gnome-control-center applications panel does not appear to be populating correctly.,opened,3,0,2026-09-08T11:10:37.102Z,https://gitlab.gnome.org/GNOME/gnome-control-center/-/work_items/3721
66,verified current selection; not globally vote-sorted,gnome-shell,9413,"notify-send with --app-name doesn't work, notifications are silenced",opened,2,0,2026-09-11T15:33:56.035Z,https://gitlab.gnome.org/GNOME/gnome-shell/-/work_items/9413
67,verified current selection; not globally vote-sorted,gnome-software,3000,Update software repository settings UI,opened,2,0,2026-09-11T14:13:30.796Z,https://gitlab.gnome.org/GNOME/gnome-software/-/work_items/3000
68,verified current selection; not globally vote-sorted,gnome-system-monitor,352,Display swap usage per process,opened,2,0,2026-09-11T13:14:12.866Z,https://gitlab.gnome.org/GNOME/gnome-system-monitor/-/work_items/352
69,verified current selection; not globally vote-sorted,gtk,8349,Sends too many text_input.enable() events,opened,2,0,2026-09-11T12:58:21.993Z,https://gitlab.gnome.org/GNOME/gtk/-/work_items/8349
70,verified current selection; not globally vote-sorted,NetworkManager-openvpn,152,nm-openvpn-service-openvpn-helper does not support new dns and resolve domain environment entry format (OpenVPN client 2.6+),opened,2,0,2026-09-11T12:45:36.097Z,https://gitlab.gnome.org/GNOME/NetworkManager-openvpn/-/work_items/152
71,verified current selection; not globally vote-sorted,gnome-calendar,1205,Adaptive event details dialog,opened,2,0,2026-09-10T22:10:02.161Z,https://gitlab.gnome.org/GNOME/gnome-calendar/-/work_items/1205
72,verified current selection; not globally vote-sorted,gnome-keyring,176,DBus race between gcr-prompter and gnome-shell internal prompter for unlocking keyring,opened,2,0,2026-09-10T19:32:36.482Z,https://gitlab.gnome.org/GNOME/gnome-keyring/-/work_items/176
73,verified current selection; not globally vote-sorted,gnome-shell,8595,Bluetooth Quick Settings UX: too easy to accidentally disable bluetooth,opened,2,0,2026-09-08T23:59:25.344Z,https://gitlab.gnome.org/GNOME/gnome-shell/-/work_items/8595
74,verified current selection; not globally vote-sorted,gtk,7824,API to override the max number of items in a ListView,opened,2,0,2026-09-08T16:09:10.097Z,https://gitlab.gnome.org/GNOME/gtk/-/work_items/7824
75,verified current selection; not globally vote-sorted,mutter,4559,VRR not applying uniformly to Wayland Native applications (Proton games),opened,2,0,2026-09-08T16:00:58.452Z,https://gitlab.gnome.org/GNOME/mutter/-/work_items/4559
76,verified current selection; not globally vote-sorted,gnome-build-meta,1052,no man pages in the base image,opened,2,0,2026-09-07T22:43:41.914Z,https://gitlab.gnome.org/GNOME/gnome-build-meta/-/work_items/1052
77,verified current selection; not globally vote-sorted,gimp,16750,Fill and Stroke tools write alpha=0 instead of color on new layers (3.2.4),opened,1,0,2026-09-11T16:09:04.492Z,https://gitlab.gnome.org/GNOME/gimp/-/work_items/16750
78,verified current selection; not globally vote-sorted,gnome-control-center,3517,No way to map a touchpad to a single monitor,opened,1,0,2026-09-11T11:14:33.652Z,https://gitlab.gnome.org/GNOME/gnome-control-center/-/work_items/3517
79,verified current selection; not globally vote-sorted,gimp,16273,Scanner doesn't remember export path,opened,1,0,2026-09-11T09:07:28.442Z,https://gitlab.gnome.org/GNOME/gimp/-/work_items/16273
80,verified current selection; not globally vote-sorted,mutter,4617,Secondary GPU hot-add with already-connected monitors never triggers monitor reconfiguration,opened,1,0,2026-09-11T08:08:46.415Z,https://gitlab.gnome.org/GNOME/mutter/-/work_items/4617
81,verified current selection; not globally vote-sorted,NetworkManager-openvpn,168,nm-openvpn fails to clean up orphaned tun device and process on unclean VPN disconnect,opened,1,0,2026-09-11T08:07:48.036Z,https://gitlab.gnome.org/GNOME/NetworkManager-openvpn/-/work_items/168
82,verified current selection; not globally vote-sorted,gnome-software,3021,Missing icons with gtk 4.23.4,opened,1,0,2026-09-11T08:00:54.017Z,https://gitlab.gnome.org/GNOME/gnome-software/-/work_items/3021
83,verified current selection; not globally vote-sorted,citemplates,49,opendir(/var/lib/flatpak/repo): No such file or directory,opened,1,0,2026-09-10T22:46:41.154Z,https://gitlab.gnome.org/GNOME/citemplates/-/work_items/49
84,verified current selection; not globally vote-sorted,nautilus,3221,Nautilus not opening my terminal when clicking `Open in console`,opened,1,0,2026-09-10T20:44:26.938Z,https://gitlab.gnome.org/GNOME/nautilus/-/work_items/3221
85,verified current selection; not globally vote-sorted,nautilus,2446,"""Open in Terminal"" menu item has a different position from ""Open in Console""",opened,1,0,2026-09-10T20:44:09.343Z,https://gitlab.gnome.org/GNOME/nautilus/-/work_items/2446
86,verified current selection; not globally vote-sorted,gdm,1098,RFE: Separate login and screen unlock PAM stacks,opened,1,0,2026-09-10T18:33:08.245Z,https://gitlab.gnome.org/GNOME/gdm/-/work_items/1098
87,verified current selection; not globally vote-sorted,gnome-calendar,938,"Allow setting recurring events to occur on the ""last day of the month"" (28th, 29th, 30th, 31st day) automatically",opened,1,0,2026-09-10T16:16:22.544Z,https://gitlab.gnome.org/GNOME/gnome-calendar/-/work_items/938
88,verified current selection; not globally vote-sorted,epiphany,2954,Empty OpenSearch XML crashes epiphany,opened,1,0,2026-09-10T15:48:57.583Z,https://gitlab.gnome.org/GNOME/epiphany/-/work_items/2954
89,verified current selection; not globally vote-sorted,gimp,13501,Null pointer crash when painting in 3.0.2,opened,1,0,2026-09-10T09:03:38.823Z,https://gitlab.gnome.org/GNOME/gimp/-/work_items/13501
90,verified current selection; not globally vote-sorted,calls,705,Dial Pad tab fails to enable use of the SIP provider for a SIP test number,opened,1,0,2026-09-10T05:29:19.172Z,https://gitlab.gnome.org/GNOME/calls/-/work_items/705
91,verified current selection; not globally vote-sorted,gnome-shell,9398,Optimize the GPU impact of accessibility zoom,opened,1,0,2026-09-09T19:55:50.645Z,https://gitlab.gnome.org/GNOME/gnome-shell/-/work_items/9398
92,verified current selection; not globally vote-sorted,gnome-tweaks,78,"allow to use default systemd action for power button press, or add hybrid sleep to the drop-down list",opened,1,0,2026-09-09T19:21:33.035Z,https://gitlab.gnome.org/GNOME/gnome-tweaks/-/work_items/78
93,verified current selection; not globally vote-sorted,xdg-desktop-portal-gnome,220,Remote Desktop permission is not persisted for Steam Controller on Wayland,opened,1,0,2026-09-09T19:02:14.364Z,https://gitlab.gnome.org/GNOME/xdg-desktop-portal-gnome/-/work_items/220
94,verified current selection; not globally vote-sorted,gnome-shell,9310,My screencast gets fried when background blur is enabled,opened,1,0,2026-09-09T13:27:03.816Z,https://gitlab.gnome.org/GNOME/gnome-shell/-/work_items/9310
95,verified current selection; not globally vote-sorted,gnome-build-meta,734,Can't login because GDM tries to use fingerprint reader,opened,1,0,2026-09-09T10:24:49.098Z,https://gitlab.gnome.org/GNOME/gnome-build-meta/-/work_items/734
96,verified current selection; not globally vote-sorted,mobile-broadband-provider-info,34,Add support for 901 mcc,opened,1,0,2026-09-09T08:32:18.701Z,https://gitlab.gnome.org/GNOME/mobile-broadband-provider-info/-/work_items/34
97,verified current selection; not globally vote-sorted,gnome-shell,9341,[Bug] Cursor themes not working in 51.beta,opened,1,0,2026-09-09T04:06:10.555Z,https://gitlab.gnome.org/GNOME/gnome-shell/-/work_items/9341
98,verified current selection; not globally vote-sorted,mutter,3633,intermittent test failure in stacking tests: trying to create a negative-sized region,opened,1,0,2026-09-08T21:08:05.403Z,https://gitlab.gnome.org/GNOME/mutter/-/work_items/3633
99,verified current selection; not globally vote-sorted,gimp,14166,file_save saves without EXIF,opened,1,0,2026-09-08T18:20:09.112Z,https://gitlab.gnome.org/GNOME/gimp/-/work_items/14166
100,verified current selection; not globally vote-sorted,gimp,3867,Increase HEIF maximum image size limit on load,opened,1,0,2026-09-08T18:11:08.429Z,https://gitlab.gnome.org/GNOME/gimp/-/work_items/3867
101,verified current selection; not globally vote-sorted,epiphany,2951,Autofill Fills CSS-Hidden Fields,opened,1,0,2026-09-08T17:53:53.294Z,https://gitlab.gnome.org/GNOME/epiphany/-/work_items/2951
102,verified current selection; not globally vote-sorted,gnome-build-meta,1300,docs: improve the chapter-to-chapter flow of our book,opened,1,0,2026-09-08T14:12:45.433Z,https://gitlab.gnome.org/GNOME/gnome-build-meta/-/work_items/1300
103,verified current selection; not globally vote-sorted,gnome-calendar,1634,Figure out what to display/expose to screen reader users,opened,1,0,2026-09-08T14:02:33.223Z,https://gitlab.gnome.org/GNOME/gnome-calendar/-/work_items/1634
104,verified current selection; not globally vote-sorted,gtk,8398,"Win32: cursor scale is truncated to an integer, doesn't match Windows' own 150%/175% cursor-size tier",opened,1,0,2026-09-08T13:36:49.397Z,https://gitlab.gnome.org/GNOME/gtk/-/work_items/8398
105,verified current selection; not globally vote-sorted,gtk,8391,selecting an item immediately after scrolling to the top causes the view to jump back and forth,opened,1,0,2026-09-08T09:11:22.486Z,https://gitlab.gnome.org/GNOME/gtk/-/work_items/8391
106,verified current selection; not globally vote-sorted,gnome-autoar,42,Return value from signal handlers is lost in case of async API,opened,0,0,2026-09-11T18:58:51.621Z,https://gitlab.gnome.org/GNOME/gnome-autoar/-/work_items/42
107,verified current selection; not globally vote-sorted,gnome-shell,9412,Run command dialog terminal discoverability and compatibility,opened,0,0,2026-09-11T18:28:01.284Z,https://gitlab.gnome.org/GNOME/gnome-shell/-/work_items/9412
108,verified current selection; not globally vote-sorted,glycin,322,glycin-svg spins at 100 % CPU forever when the loader's RLIMIT_AS is exhausted,opened,0,0,2026-09-11T17:54:55.338Z,https://gitlab.gnome.org/GNOME/glycin/-/work_items/322
109,verified current selection; not globally vote-sorted,gtk,8410,this SVG file is not rendered,opened,0,0,2026-09-11T17:51:10.199Z,https://gitlab.gnome.org/GNOME/gtk/-/work_items/8410
110,verified current selection; not globally vote-sorted,gweather-locations,63,"Missing city: Bardstown, KY",opened,0,0,2026-09-11T17:46:39.737Z,https://gitlab.gnome.org/GNOME/gweather-locations/-/work_items/63
111,verified current selection; not globally vote-sorted,gnome-system-monitor,377,"Provide a ""Copy process ID"" action (in properties dialog, and right-click menu?)",opened,0,0,2026-09-11T17:41:38.024Z,https://gitlab.gnome.org/GNOME/gnome-system-monitor/-/work_items/377
112,verified current selection; not globally vote-sorted,glib,4046,"Unable to include glib.h inside an extern ""C"" block from C++ code",opened,0,0,2026-09-11T17:16:51.634Z,https://gitlab.gnome.org/GNOME/glib/-/work_items/4046
113,verified current selection; not globally vote-sorted,gnome-shell,8567,Unable to extract shell extension,opened,0,0,2026-09-11T16:21:45.652Z,https://gitlab.gnome.org/GNOME/gnome-shell/-/work_items/8567
114,verified current selection; not globally vote-sorted,gimp,16719,Filters > Decor > Addborder  opacity is influenced by setting of brush opacity,opened,0,0,2026-09-11T16:21:41.660Z,https://gitlab.gnome.org/GNOME/gimp/-/work_items/16719
115,verified current selection; not globally vote-sorted,epiphany,2956,Pango Markup Injection in Passwords dialog,opened,0,0,2026-09-11T15:59:34.803Z,https://gitlab.gnome.org/GNOME/epiphany/-/work_items/2956
116,verified current selection; not globally vote-sorted,gimp,16756,"TIFF with Position offset loaded incorrectly with ""Open as Layers""",opened,0,0,2026-09-11T15:56:33.669Z,https://gitlab.gnome.org/GNOME/gimp/-/work_items/16756
117,verified current selection; not globally vote-sorted,gnome-shell,9382,Ghost/duplicate window in overview after external monitor disconnect,opened,0,0,2026-09-11T15:22:14.739Z,https://gitlab.gnome.org/GNOME/gnome-shell/-/work_items/9382
118,verified current selection; not globally vote-sorted,gimp,15744,Move to snapcraft9/core26 (with Chisel),opened,0,0,2026-09-11T15:20:10.117Z,https://gitlab.gnome.org/GNOME/gimp/-/work_items/15744
119,verified current selection; not globally vote-sorted,glycin,324,"Memory allocation fails on Buildservers with ""Operation not permitted (os error 1)""",opened,0,0,2026-09-11T14:53:15.238Z,https://gitlab.gnome.org/GNOME/glycin/-/work_items/324
120,verified current selection; not globally vote-sorted,papers,749,Sidebar content hard to read due to the low contrast between the black (thin) text and the gray background,opened,0,0,2026-09-11T14:45:46.042Z,https://gitlab.gnome.org/GNOME/papers/-/work_items/749
121,verified current selection; not globally vote-sorted,papers,744,feature request: option to disable all link preview popups,opened,0,0,2026-09-11T14:40:05.439Z,https://gitlab.gnome.org/GNOME/papers/-/work_items/744
122,verified current selection; not globally vote-sorted,gimp,16727,Spectral Blending Implementation Issues,opened,0,0,2026-09-11T14:39:17.332Z,https://gitlab.gnome.org/GNOME/gimp/-/work_items/16727
123,verified current selection; not globally vote-sorted,papers,745,"Unlike Evince, Papers can't open from links auxiliary files in presentation mode",opened,0,0,2026-09-11T14:24:11.583Z,https://gitlab.gnome.org/GNOME/papers/-/work_items/745
124,verified current selection; not globally vote-sorted,gimp,16723,Select by Colour doesn't work with some un-merged Colours filters.,opened,0,0,2026-09-11T14:21:25.491Z,https://gitlab.gnome.org/GNOME/gimp/-/work_items/16723
125,verified current selection; not globally vote-sorted,gimp,16736,Image > Canvas Size does not work right when there are vector layers and groups involved,opened,0,0,2026-09-11T14:20:38.348Z,https://gitlab.gnome.org/GNOME/gimp/-/work_items/16736
126,verified current selection; not globally vote-sorted,gnome-control-center,3725,"text size settings panel and ""Seeing"" settings are inconsistent",opened,0,0,2026-09-11T14:16:47.682Z,https://gitlab.gnome.org/GNOME/gnome-control-center/-/work_items/3725
127,verified current selection; not globally vote-sorted,gtk,8409,search-entry: Needs extra touch to show OSK although it has focus,opened,0,0,2026-09-11T13:57:29.888Z,https://gitlab.gnome.org/GNOME/gtk/-/work_items/8409
128,verified current selection; not globally vote-sorted,libgtop,70,"procmap incorrectly reads shared_clean, shared_dirty, private_clean and private_dirty under latest Linux kernel's procfs",opened,0,0,2026-09-11T13:14:12.823Z,https://gitlab.gnome.org/GNOME/libgtop/-/work_items/70
129,verified current selection; not globally vote-sorted,gimp,13203,Blank UI when launching on macOS,opened,0,0,2026-09-11T13:09:57.839Z,https://gitlab.gnome.org/GNOME/gimp/-/work_items/13203
130,verified current selection; not globally vote-sorted,mutter,5042,SIGSEGV when resuming from s2idle on 51.rc,opened,0,0,2026-09-11T13:02:32.924Z,https://gitlab.gnome.org/GNOME/mutter/-/work_items/5042
131,verified current selection; not globally vote-sorted,libsecret,115,secret-tool: Couldn't create item: The secret was transferred or encrypted in an invalid way.,opened,0,0,2026-09-11T12:53:59.756Z,https://gitlab.gnome.org/GNOME/libsecret/-/work_items/115
132,verified current selection; not globally vote-sorted,snapshot,371,No top buttons on Pop OS 24.04 Cosmic,opened,0,0,2026-09-11T12:39:58.868Z,https://gitlab.gnome.org/GNOME/snapshot/-/work_items/371
133,verified current selection; not globally vote-sorted,mutter,5043,Crash in `meta_wayland_tablet_update_sprite()` due to NULL `tablet`,opened,0,0,2026-09-11T12:26:41.718Z,https://gitlab.gnome.org/GNOME/mutter/-/work_items/5043
134,verified current selection; not globally vote-sorted,gtk,8408,SVG animation yet playing within CSS background,opened,0,0,2026-09-11T11:25:05.184Z,https://gitlab.gnome.org/GNOME/gtk/-/work_items/8408
135,verified current selection; not globally vote-sorted,gnome-control-center,3812,"""Dim Screen"" doesn't work in ""Power Saver"" mode",opened,0,0,2026-09-11T10:52:16.778Z,https://gitlab.gnome.org/GNOME/gnome-control-center/-/work_items/3812
136,verified current selection; not globally vote-sorted,mutter,4722,Black screen on AMD Strix Halo (gfx1150 / DCN 3.5.1) — shadow buffer blit produces no output with atomic modesetting,opened,0,0,2026-09-11T08:13:06.217Z,https://gitlab.gnome.org/GNOME/mutter/-/work_items/4722
137,verified current selection; not globally vote-sorted,gnome-boxes,1179,USB redirection gets stuck in an endless reset loop when the device is connected to a USB 3.0 (SuperSpeed) host port,opened,0,0,2026-09-11T08:10:50.829Z,https://gitlab.gnome.org/GNOME/gnome-boxes/-/work_items/1179
138,verified current selection; not globally vote-sorted,epiphany,2908,WebExtension API crashes web process: strcmp(NULL) in on_send_message_finish,opened,0,0,2026-09-11T08:09:56.461Z,https://gitlab.gnome.org/GNOME/epiphany/-/work_items/2908
139,verified current selection; not globally vote-sorted,gnome-remote-desktop,318,"Failed NLA reconnect leaves orphaned GDM greeter holding screen lock, blocking all subsequent logins",opened,0,0,2026-09-11T08:08:22.309Z,https://gitlab.gnome.org/GNOME/gnome-remote-desktop/-/work_items/318
140,verified current selection; not globally vote-sorted,gnome-network-displays,500,Crashes with LG webOS builtin chromecast receiver,opened,0,0,2026-09-11T08:06:49.566Z,https://gitlab.gnome.org/GNOME/gnome-network-displays/-/work_items/500
141,verified current selection; not globally vote-sorted,geary,1712,`to_preview_text()` hangs at 100% CPU on very large email bodies due to unbounded `reduce_whitespace` input,opened,0,0,2026-09-11T08:06:02.235Z,https://gitlab.gnome.org/GNOME/geary/-/work_items/1712
142,verified current selection; not globally vote-sorted,gnumeric,892,"Embedded images (JPEG/PNG) not displayed in Flatpak build (1.12.60/1.12.61, GNOME 49/50 runtime)",opened,0,0,2026-09-11T08:05:42.196Z,https://gitlab.gnome.org/GNOME/gnumeric/-/work_items/892
143,verified current selection; not globally vote-sorted,mutter,4982,"renderer/native: rebuild_views drops queued KMS updates without listener feedback, leaking the onscreen via a posted_frame ref cycle",opened,0,0,2026-09-11T08:05:28.282Z,https://gitlab.gnome.org/GNOME/mutter/-/work_items/4982
144,verified current selection; not globally vote-sorted,meld,994,macOS CI builds broken,opened,0,0,2026-09-11T07:41:40.321Z,https://gitlab.gnome.org/GNOME/meld/-/work_items/994
145,verified current selection; not globally vote-sorted,mutter,5041,High GPU usage in 51.rc while the monitor is sleeping,opened,0,0,2026-09-11T07:22:34.707Z,https://gitlab.gnome.org/GNOME/mutter/-/work_items/5041
146,verified current selection; not globally vote-sorted,gnome-maps,1000,contact info about iD presets,opened,0,0,2026-09-11T06:17:51.029Z,https://gitlab.gnome.org/GNOME/gnome-maps/-/work_items/1000
147,verified current selection; not globally vote-sorted,gnote,225,Plugin to remove broken links?,opened,0,0,2026-09-11T05:05:17.792Z,https://gitlab.gnome.org/GNOME/gnote/-/work_items/225
148,verified current selection; not globally vote-sorted,libadwaita,1164,AdwSidebarItems only wraps when in `page` mode,opened,0,0,2026-09-11T02:47:45.180Z,https://gitlab.gnome.org/GNOME/libadwaita/-/work_items/1164
149,verified current selection; not globally vote-sorted,gnome-settings-daemon,960,"""Performance mode temporarily disabled"" appears mistakenly",opened,0,0,2026-09-11T02:11:55.513Z,https://gitlab.gnome.org/GNOME/gnome-settings-daemon/-/work_items/960
150,verified current selection; not globally vote-sorted,gnome-settings-daemon,888,"Screen dims when Power Saver profile is enabled and ""Dim Screen"" is disabled",opened,0,0,2026-09-11T02:10:03.055Z,https://gitlab.gnome.org/GNOME/gnome-settings-daemon/-/work_items/888
151,verified current selection; not globally vote-sorted,citemplates,50,Add support for rust-nightly,opened,0,0,2026-09-10T22:46:43.452Z,https://gitlab.gnome.org/GNOME/citemplates/-/work_items/50
152,verified current selection; not globally vote-sorted,gnome-keyring,195,gdbusconnection.c:invoke_get_property_in_idle_cb assertion failure: error != NULL,opened,0,0,2026-09-10T22:18:52.838Z,https://gitlab.gnome.org/GNOME/gnome-keyring/-/work_items/195
153,verified current selection; not globally vote-sorted,epiphany,2955,Mouse gestures are broken,opened,0,0,2026-09-10T22:11:05.344Z,https://gitlab.gnome.org/GNOME/epiphany/-/work_items/2955
154,verified current selection; not globally vote-sorted,gtk,8368,"gdk_surface_handle_event: SIGSEGV dereferencing surface in nautilus (GDK_SURFACE_IS_MAPPED, gdksurface.c:2993)",opened,0,0,2026-09-10T22:01:51.777Z,https://gitlab.gnome.org/GNOME/gtk/-/work_items/8368
155,verified current selection; not globally vote-sorted,tinysparql,501,Segfault in sqlite3VdbeExec (null VdbeCursor) during file-notifier cursor iteration,opened,0,0,2026-09-10T22:01:38.552Z,https://gitlab.gnome.org/GNOME/tinysparql/-/work_items/501
156,verified current selection; not globally vote-sorted,mutter,5033,"Clicking in Fedora installer (anaconda) sometimes doesn't work since 3f17e68 ""clutter/frame-clock: Restrict ASAP dispatch in maybe_reschedule_update""",opened,0,0,2026-09-10T21:45:55.673Z,https://gitlab.gnome.org/GNOME/mutter/-/work_items/5033
157,verified current selection; not globally vote-sorted,gnome-shell,9410,MprisSource/MprisPlayer SignalTracker leak on lock screen,opened,0,0,2026-09-10T21:20:39.091Z,https://gitlab.gnome.org/GNOME/gnome-shell/-/work_items/9410
158,verified current selection; not globally vote-sorted,gtk,8407,"GtkLabel: set_attributes() does not invalidate the rendered PangoLayout for labels set with set_markup(), once painted",opened,0,0,2026-09-10T21:14:18.997Z,https://gitlab.gnome.org/GNOME/gtk/-/work_items/8407
159,verified current selection; not globally vote-sorted,nautilus,3667,"Add fallback for ""Open in Console""",opened,0,0,2026-09-10T20:43:50.411Z,https://gitlab.gnome.org/GNOME/nautilus/-/work_items/3667
160,verified current selection; not globally vote-sorted,gnome-control-center,3798,Fingerprint Enrollment UI Papercuts,opened,0,0,2026-09-10T18:13:46.639Z,https://gitlab.gnome.org/GNOME/gnome-control-center/-/work_items/3798
161,verified current selection; not globally vote-sorted,shotwell,5195,Importing (to network drive) results in too many reads,opened,0,0,2026-09-10T17:00:34.906Z,https://gitlab.gnome.org/GNOME/shotwell/-/work_items/5195
162,verified current selection; not globally vote-sorted,mutter,5023,Intermittent desktop stutter/lagginess for about 10 seconds after (re)boot or resume on Intel i915,opened,0,0,2026-09-10T16:31:11.461Z,https://gitlab.gnome.org/GNOME/mutter/-/work_items/5023
163,verified current selection; not globally vote-sorted,epiphany,2953,Invalid OpenSearch url crashes epiphany,opened,0,0,2026-09-10T15:48:45.693Z,https://gitlab.gnome.org/GNOME/epiphany/-/work_items/2953
164,verified current selection; not globally vote-sorted,nautilus,4321,"Primary suggested ""Replace"" action button is not focused when the overwrite confirmation dialog appears",opened,0,0,2026-09-10T15:44:14.469Z,https://gitlab.gnome.org/GNOME/nautilus/-/work_items/4321
165,verified current selection; not globally vote-sorted,gdk-pixbuf,308,(CVE-2026-18090) Heap out-of-bounds read in `uncompress()` in `gdk-pixbuf/io-icns.c`,opened,0,0,2026-09-10T15:30:28.621Z,https://gitlab.gnome.org/GNOME/gdk-pixbuf/-/issues/308
166,verified current selection; not globally vote-sorted,libgnome-games-support,41,Only create score dialog row widgets on setup,opened,0,0,2026-09-10T14:42:38.283Z,https://gitlab.gnome.org/GNOME/libgnome-games-support/-/work_items/41
167,verified current selection; not globally vote-sorted,chronojump,1274,forceSensor capture from terminal (autonomous program),opened,0,0,2026-09-10T14:27:26.241Z,https://gitlab.gnome.org/GNOME/chronojump/-/work_items/1274
168,verified current selection; not globally vote-sorted,evolution,3389,MS 365 login using Intune fails,opened,0,0,2026-09-10T14:12:16.289Z,https://gitlab.gnome.org/GNOME/evolution/-/work_items/3389
169,verified current selection; not globally vote-sorted,gnome-control-center,3710,Sound panel behaves incorrectly when selecting Bluetooth Handsfree device,opened,0,0,2026-09-10T13:28:14.238Z,https://gitlab.gnome.org/GNOME/gnome-control-center/-/work_items/3710
170,verified current selection; not globally vote-sorted,libgnome-volume-control,36,"Drop workaround for pipewire/wireplumber creating additional, unselectable devices",opened,0,0,2026-09-10T13:27:20.545Z,https://gitlab.gnome.org/GNOME/libgnome-volume-control/-/work_items/36
171,verified current selection; not globally vote-sorted,libgnome-volume-control,48,"Sound panel stays on ""No Input Devices"" when the default source is WirePlumber's port-less Bluetooth loopback (A2DP)",opened,0,0,2026-09-10T13:27:01.011Z,https://gitlab.gnome.org/GNOME/libgnome-volume-control/-/work_items/48
172,verified current selection; not globally vote-sorted,libadwaita,1159,AdwPasswordEntryRow: the apply button sits before the suffix widgets,opened,0,0,2026-09-10T12:36:42.770Z,https://gitlab.gnome.org/GNOME/libadwaita/-/work_items/1159
173,verified current selection; not globally vote-sorted,glycin,325,(Non-root podman)-containerized native file dialog crashes when container is started with: --cap-add=PERFMON,opened,0,0,2026-09-10T12:32:43.223Z,https://gitlab.gnome.org/GNOME/glycin/-/work_items/325
174,verified current selection; not globally vote-sorted,console,461,Support the org.freedesktop.Terminal1 intent specification,opened,0,0,2026-09-10T12:30:55.743Z,https://gitlab.gnome.org/GNOME/console/-/work_items/461
175,verified current selection; not globally vote-sorted,console,384,xdg-terminal-exec support,opened,0,0,2026-09-10T12:29:57.871Z,https://gitlab.gnome.org/GNOME/console/-/work_items/384
176,verified current selection; not globally vote-sorted,libmanette,53,Global main context (GMainContext) dependency,opened,0,0,2026-09-10T11:23:17.343Z,https://gitlab.gnome.org/GNOME/libmanette/-/work_items/53
177,verified current selection; not globally vote-sorted,gnome-settings-daemon,953,Donation notification for particular campaigns,opened,0,0,2026-09-10T11:10:06.090Z,https://gitlab.gnome.org/GNOME/gnome-settings-daemon/-/work_items/953
178,verified current selection; not globally vote-sorted,gnome-remote-desktop,363,"RDP remote login: mouse works in GDM, but sometimes stops working after login",opened,0,0,2026-09-10T07:55:13.109Z,https://gitlab.gnome.org/GNOME/gnome-remote-desktop/-/work_items/363
179,verified current selection; not globally vote-sorted,gdm,1093,Unlocking logged-in sessions stuck at password prompt since 50.1,opened,0,0,2026-09-10T07:20:12.453Z,https://gitlab.gnome.org/GNOME/gdm/-/work_items/1093
180,verified current selection; not globally vote-sorted,mutter,4826,"After Microsoft Edge starts, the mouse cursor stays busy for about 15 seconds, then returns to normal.",opened,0,0,2026-09-09T23:45:44.936Z,https://gitlab.gnome.org/GNOME/mutter/-/work_items/4826
181,verified current selection; not globally vote-sorted,epiphany,1859,Web app launched from GNOME Software crashes Epiphany,opened,0,0,2026-09-09T23:10:49.789Z,https://gitlab.gnome.org/GNOME/epiphany/-/work_items/1859
182,verified current selection; not globally vote-sorted,gnome-connections,209,F10 is intercepted by Connections and exits the active RDP display,opened,0,0,2026-09-09T22:49:20.606Z,https://gitlab.gnome.org/GNOME/gnome-connections/-/work_items/209
183,verified current selection; not globally vote-sorted,gnome-connections,200,Potential security issue: local clipboard content should not be indiscriminately sent to the server without the user's consent,opened,0,0,2026-09-09T21:56:28.377Z,https://gitlab.gnome.org/GNOME/gnome-connections/-/work_items/200
184,verified current selection; not globally vote-sorted,gnome-connections,203,High CPU usage when the remote host becomes unresponsive,opened,0,0,2026-09-09T21:52:06.678Z,https://gitlab.gnome.org/GNOME/gnome-connections/-/work_items/203
185,verified current selection; not globally vote-sorted,gnome-connections,206,RDP Session Terminates Instantly When Using Flatpak Connections,opened,0,0,2026-09-09T21:45:25.017Z,https://gitlab.gnome.org/GNOME/gnome-connections/-/work_items/206
186,verified current selection; not globally vote-sorted,gnome-terminal,8155,Hamburger menu popover stuck when entering fullscreen on Wayland,opened,0,0,2026-09-09T20:31:10.804Z,https://gitlab.gnome.org/GNOME/gnome-terminal/-/work_items/8155
187,verified current selection; not globally vote-sorted,mutter,5040,Mutter fails to adjust calibration of touchpanel upon resolution aspect ratio change,opened,0,0,2026-09-09T18:26:28.184Z,https://gitlab.gnome.org/GNOME/mutter/-/work_items/5040
188,verified current selection; not globally vote-sorted,pygobject,772,GLib.log_set_default_handler is not ported in the Python binding,opened,0,0,2026-09-09T18:14:30.491Z,https://gitlab.gnome.org/GNOME/pygobject/-/work_items/772
189,verified current selection; not globally vote-sorted,pygobject,771,"GLib.LogField is serialized with values referenced as raw memory addresses instead of byte strings, hence it can not used from the Python code",opened,0,0,2026-09-09T18:07:20.495Z,https://gitlab.gnome.org/GNOME/pygobject/-/work_items/771
190,verified current selection; not globally vote-sorted,librsvg,1239,Crash in downstream Cairo when rendering <text>,opened,0,0,2026-09-09T18:01:28.519Z,https://gitlab.gnome.org/GNOME/librsvg/-/work_items/1239
191,verified current selection; not globally vote-sorted,gnome-shell,9406,Scrolling on quick settings volume slider with Bluetooth headphones connected sometimes results in volume jumping to completely different level,opened,0,0,2026-09-09T17:56:43.821Z,https://gitlab.gnome.org/GNOME/gnome-shell/-/work_items/9406
192,verified current selection; not globally vote-sorted,glib,4044,(CVE-2026-86469) (#YWH-PGM9867-289) TOCTOU on GLib through g_file_replace() in gio/glocalfileoutputstream.c via G_FILE_CREATE_REPLACE_DESTINATION leads to Arbitrary File Overwrite,opened,0,0,2026-09-09T16:20:26.631Z,https://gitlab.gnome.org/GNOME/glib/-/work_items/4044
193,verified current selection; not globally vote-sorted,nautilus,4273,Pressing ctrl+x (cut) on a file in Recents view should raise an error toast/notification,opened,0,0,2026-09-09T16:15:07.347Z,https://gitlab.gnome.org/GNOME/nautilus/-/work_items/4273
194,verified current selection; not globally vote-sorted,gnome-shell,9405,Padding is inconsistent,opened,0,0,2026-09-09T16:08:16.684Z,https://gitlab.gnome.org/GNOME/gnome-shell/-/work_items/9405
195,verified current selection; not globally vote-sorted,meld,993,slowdown while merging a change into another buffer in 3 way comparison,opened,0,0,2026-09-09T15:29:54.536Z,https://gitlab.gnome.org/GNOME/meld/-/work_items/993
196,verified current selection; not globally vote-sorted,gnome-disk-utility,503,Disk page looks awkward when no information is present,opened,0,0,2026-09-09T14:45:09.657Z,https://gitlab.gnome.org/GNOME/gnome-disk-utility/-/work_items/503
197,verified current selection; not globally vote-sorted,gthumb,410,"Videos ""Respect orientation"" option is misleading",opened,0,0,2026-09-09T14:31:56.387Z,https://gitlab.gnome.org/GNOME/gthumb/-/work_items/410
198,verified current selection; not globally vote-sorted,gnome-shell,9403,Shm leak during lock screen,opened,0,0,2026-09-09T14:25:32.927Z,https://gitlab.gnome.org/GNOME/gnome-shell/-/work_items/9403
199,verified current selection; not globally vote-sorted,evolution-data-server,656,PROCEDURE alarm argument injection bypassing the ATTACH allow-list,opened,0,0,2026-09-09T14:03:09.306Z,https://gitlab.gnome.org/GNOME/evolution-data-server/-/work_items/656
200,verified current selection; not globally vote-sorted,gnome-shell,9327,App Grid icons loading delay,opened,0,0,2026-09-09T13:23:22.291Z,https://gitlab.gnome.org/GNOME/gnome-shell/-/work_items/9327
201,verified current selection; not globally vote-sorted,gnome-shell,9384,AppFolderDialog leaks a changed::name GSettings handler → use-after-free crash on app install,opened,0,0,2026-09-09T13:19:40.797Z,https://gitlab.gnome.org/GNOME/gnome-shell/-/work_items/9384
202,verified current selection; not globally vote-sorted,gnome-shell,9394,"mpris.js: _updateState() is O(N²) in metadata size, stalling the compositor on large MPRIS Metadata",opened,0,0,2026-09-09T13:18:28.632Z,https://gitlab.gnome.org/GNOME/gnome-shell/-/work_items/9394
203,verified current selection; not globally vote-sorted,gimp,16751,Actions path on Search popup (/) are not localized,opened,0,0,2026-09-09T12:58:38.951Z,https://gitlab.gnome.org/GNOME/gimp/-/work_items/16751
204,verified current selection; not globally vote-sorted,gtk,8295,"Nautilus ""Open With"" crashes with SIGSEGV in `cairo_font_options_copy`/`pango_fc_font_map_add` — PangoFcFontMap accessed from a GTask thread pool worker while rendering a symbolic icon",opened,0,0,2026-09-09T12:55:20.478Z,https://gitlab.gnome.org/GNOME/gtk/-/work_items/8295
205,verified current selection; not globally vote-sorted,mutter,4681,Clipping of top bar when mouse pointer is on bottom of screen,opened,0,0,2026-09-09T12:25:01.985Z,https://gitlab.gnome.org/GNOME/mutter/-/work_items/4681
206,verified current selection; not globally vote-sorted,pango,900,Build fails with clang 23: -Werror=unused-but-set-variable now includes -Wunused-but-set-global,opened,0,0,2026-09-09T11:17:50.909Z,https://gitlab.gnome.org/GNOME/pango/-/work_items/900
207,verified current selection; not globally vote-sorted,citemplates,48,Update default-rules,opened,0,0,2026-09-09T10:18:58.458Z,https://gitlab.gnome.org/GNOME/citemplates/-/work_items/48
208,verified current selection; not globally vote-sorted,gimp,16717,View->Shrink Wrap: erratic behavior with vertical images,opened,0,0,2026-09-09T08:59:30.976Z,https://gitlab.gnome.org/GNOME/gimp/-/work_items/16717
209,verified current selection; not globally vote-sorted,mutter,2718,Crash when disabling external monitor in Settings,opened,0,0,2026-09-09T08:45:23.067Z,https://gitlab.gnome.org/GNOME/mutter/-/work_items/2718
210,verified current selection; not globally vote-sorted,mutter,3050,"[44, 45] fullscreen-maximize test case intermittently fails on ARM: Expected size 800x600 didn't match actual size 500x400",opened,0,0,2026-09-09T07:58:07.981Z,https://gitlab.gnome.org/GNOME/mutter/-/work_items/3050
211,verified current selection; not globally vote-sorted,mutter,2509,Intermittent test failure: stacking/restore-size.metatest: 27: Expected size 300x200 didn't match actual size 500x400,opened,0,0,2026-09-09T07:57:25.300Z,https://gitlab.gnome.org/GNOME/mutter/-/work_items/2509
212,verified current selection; not globally vote-sorted,mutter,3051,"[44, 45] unfullscreen-strut-change test case intermittently fails on ARM: Expected size 800x600 didn't match actual size 500x400",opened,0,0,2026-09-09T07:56:46.572Z,https://gitlab.gnome.org/GNOME/mutter/-/work_items/3051
213,verified current selection; not globally vote-sorted,mutter,3205,Clutter /grab/input-only test intermittently failing: assertion failed (expected[i].type == elem->type): (6 == 3),opened,0,0,2026-09-09T07:54:11.345Z,https://gitlab.gnome.org/GNOME/mutter/-/work_items/3205
214,verified current selection; not globally vote-sorted,gnome-shell-extensions,598,Window List: Sometimes draws on top of fullscreen windows in an auto-hide way.,opened,0,0,2026-09-09T00:35:36.472Z,https://gitlab.gnome.org/GNOME/gnome-shell-extensions/-/work_items/598
215,verified current selection; not globally vote-sorted,nautilus,2722,GTK4 Deprecations,opened,0,0,2026-09-08T23:48:51.949Z,https://gitlab.gnome.org/GNOME/nautilus/-/work_items/2722
216,verified current selection; not globally vote-sorted,libsoup,552,(CVE-2026-85197) (#YWH-PGM9867-298) Heap UAF on SoupSession through on_data_read() in libsoup/http2/soup-client-message-io-http2.c via g_input_stream_read_async() in glib/gio/ginputstream.c with GOAWAY frame,opened,0,0,2026-09-08T23:11:41.650Z,https://gitlab.gnome.org/GNOME/libsoup/-/work_items/552
217,verified current selection; not globally vote-sorted,gjs,749,Free `GObject`s declared with the `using` keyword after end of scope,opened,0,0,2026-09-08T23:02:51.144Z,https://gitlab.gnome.org/GNOME/gjs/-/work_items/749
218,verified current selection; not globally vote-sorted,gnome-settings-daemon,952,"Automatic Time Zone incorrectly changes America/Cancun to America/Mexico_City after every reboot in Cancun, Mexico",opened,0,0,2026-09-08T22:38:49.680Z,https://gitlab.gnome.org/GNOME/gnome-settings-daemon/-/work_items/952
219,verified current selection; not globally vote-sorted,xdg-desktop-portal-gnome,225,"InputCapture reports version 0 on GNOME 50.0, despite full v1 backend support",opened,0,0,2026-09-08T22:10:00.472Z,https://gitlab.gnome.org/GNOME/xdg-desktop-portal-gnome/-/work_items/225
220,verified current selection; not globally vote-sorted,pygobject,770,ASAN g_* reports leaks on pygobject info objects,opened,0,0,2026-09-08T21:21:41.489Z,https://gitlab.gnome.org/GNOME/pygobject/-/work_items/770
221,verified current selection; not globally vote-sorted,libmks,22,"MksDisplay requests guest resolution in logical pixels, so the guest is upscaled and blurry under fractional scaling",opened,0,0,2026-09-08T20:48:16.283Z,https://gitlab.gnome.org/GNOME/libmks/-/work_items/22
222,verified current selection; not globally vote-sorted,librsvg,1215,panic: Data storage buffer dimension mismatch,opened,0,0,2026-09-08T19:35:03.601Z,https://gitlab.gnome.org/GNOME/librsvg/-/work_items/1215
223,verified current selection; not globally vote-sorted,librsvg,1238,Don't process data: URIs for images when fuzzing,opened,0,0,2026-09-08T19:33:03.943Z,https://gitlab.gnome.org/GNOME/librsvg/-/work_items/1238
224,verified current selection; not globally vote-sorted,gtk,8399,GtkMenuButton not rendering SVG properly,opened,0,0,2026-09-08T19:22:37.893Z,https://gitlab.gnome.org/GNOME/gtk/-/work_items/8399
225,verified current selection; not globally vote-sorted,baobab,242,Is a non-GIO (e.g. POSIX) fast path acceptable for this utility? Is there an AI usage policy?,opened,0,0,2026-09-08T15:24:31.143Z,https://gitlab.gnome.org/GNOME/baobab/-/work_items/242
226,verified current selection; not globally vote-sorted,mutter,4035,non-deterministic test failures,opened,0,0,2026-09-08T15:18:21.627Z,https://gitlab.gnome.org/GNOME/mutter/-/work_items/4035
227,verified current selection; not globally vote-sorted,gnome-calendar,1454,"""Event deleted"" GtkOverlay message is announced by Orca only as it is about to disappear, as focus defaults to the sidebar togglebutton which gets read first",opened,0,0,2026-09-08T15:17:57.451Z,https://gitlab.gnome.org/GNOME/gnome-calendar/-/work_items/1454
228,verified current selection; not globally vote-sorted,mutter,4711,wayland-unit test is flaky,opened,0,0,2026-09-08T15:16:44.716Z,https://gitlab.gnome.org/GNOME/mutter/-/work_items/4711
229,verified current selection; not globally vote-sorted,gimp,15742,Color picker reports old value on same location across layers with alpha enabled,opened,0,0,2026-09-08T15:14:22.837Z,https://gitlab.gnome.org/GNOME/gimp/-/work_items/15742
230,verified current selection; not globally vote-sorted,gimp,16104,The clipboard pattern and brush are the image size and not the copied layer size.,opened,0,0,2026-09-08T15:13:23.522Z,https://gitlab.gnome.org/GNOME/gimp/-/work_items/16104
231,verified current selection; not globally vote-sorted,gimp,15867,Separator hover state gets stuck after click away from popup/context menu,opened,0,0,2026-09-08T15:12:33.027Z,https://gitlab.gnome.org/GNOME/gimp/-/work_items/15867
232,verified current selection; not globally vote-sorted,gimp,4332,Incorrect Histogram Arithmetic Mean Values,opened,0,0,2026-09-08T15:11:58.812Z,https://gitlab.gnome.org/GNOME/gimp/-/work_items/4332
233,verified current selection; not globally vote-sorted,gimp,15595,Raw float image loader ignores endian,opened,0,0,2026-09-08T15:11:07.222Z,https://gitlab.gnome.org/GNOME/gimp/-/work_items/15595
234,verified current selection; not globally vote-sorted,mutter,5030,map-after-headless test fails randomly,opened,0,0,2026-09-08T15:05:10.809Z,https://gitlab.gnome.org/GNOME/mutter/-/work_items/5030
235,verified current selection; not globally vote-sorted,gimp,5673,Text tool: Non-zero (negative) kerning is broken,opened,0,0,2026-09-08T15:01:14.161Z,https://gitlab.gnome.org/GNOME/gimp/-/work_items/5673
236,verified current selection; not globally vote-sorted,gnome-shell,9402,Sound and window management bugs.,opened,0,0,2026-09-08T14:20:22.395Z,https://gitlab.gnome.org/GNOME/gnome-shell/-/work_items/9402
237,verified current selection; not globally vote-sorted,libsoup,555,"Cannot load goodhousekeeping.com: Unexpected state changed READ_DATA -> READ_DATA_START, expected to be from READ_HEADERS",opened,0,0,2026-09-08T13:22:18.924Z,https://gitlab.gnome.org/GNOME/libsoup/-/work_items/555
238,verified current selection; not globally vote-sorted,gnome-control-center,3756,Previewing a custom keyboard layout from Settings doesn't work,opened,0,0,2026-09-08T12:55:16.498Z,https://gitlab.gnome.org/GNOME/gnome-control-center/-/work_items/3756
239,verified current selection; not globally vote-sorted,gtk,8401,build: reenable macos-arm64 when the runner is fixed,opened,0,0,2026-09-08T11:51:40.545Z,https://gitlab.gnome.org/GNOME/gtk/-/work_items/8401
240,verified current selection; not globally vote-sorted,mutter,5037,Per-user/per-session selection of primary GPU,opened,0,0,2026-09-08T10:35:54.785Z,https://gitlab.gnome.org/GNOME/mutter/-/work_items/5037
241,verified current selection; not globally vote-sorted,gnome-characters,187,Wrong number of result metas returned by search provider,opened,0,0,2026-09-08T10:33:30.290Z,https://gitlab.gnome.org/GNOME/gnome-characters/-/work_items/187
242,verified current selection; not globally vote-sorted,gimp,16163,Changing the visibility of an un-merged filter is omitted from the undo history.,opened,0,0,2026-09-08T10:20:43.064Z,https://gitlab.gnome.org/GNOME/gimp/-/work_items/16163
243,verified current selection; not globally vote-sorted,vte,2962,Long IME preedit text is clipped instead of wrapped,opened,0,0,2026-09-08T09:05:02.485Z,https://gitlab.gnome.org/GNOME/vte/-/work_items/2962
244,verified current selection; not globally vote-sorted,gnome-disk-utility,496,[Bug] Drives on sidebar do not always refresh for loop devices,opened,0,0,2026-09-08T08:21:18.578Z,https://gitlab.gnome.org/GNOME/gnome-disk-utility/-/work_items/496
245,verified current selection; not globally vote-sorted,libxml2,1103,regexp: Remaining issues with character ranges and escapes,opened,0,0,2026-09-08T06:49:40.294Z,https://gitlab.gnome.org/GNOME/libxml2/-/work_items/1103
246,verified current selection; not globally vote-sorted,gdk-pixbuf,314,Four memory bugs found in gdk-pixbuf with PoCs,opened,0,0,2026-09-08T06:07:36.668Z,https://gitlab.gnome.org/GNOME/gdk-pixbuf/-/work_items/314
247,verified current selection; not globally vote-sorted,gnome-control-center,3804,graphics tablets: Tablet rotation no longer affecting touch,opened,0,0,2026-09-08T03:30:14.732Z,https://gitlab.gnome.org/GNOME/gnome-control-center/-/work_items/3804
248,verified current selection; not globally vote-sorted,gimp,1050,GIMP should support SpaceNavigator / 3D Xinput devices,opened,0,0,2026-09-08T03:23:50.227Z,https://gitlab.gnome.org/GNOME/gimp/-/work_items/1050
249,verified current selection; not globally vote-sorted,gimp,9691,GeoTiff file opens only in b/w and not in grayscale (due to tags not being read),opened,0,0,2026-09-07T23:25:31.028Z,https://gitlab.gnome.org/GNOME/gimp/-/work_items/9691
250,verified current selection; not globally vote-sorted,evince,35,Unimplemented annotation: POPPLER_ANNOT_SCREEN,opened,0,0,2026-09-07T21:28:44.704Z,https://gitlab.gnome.org/GNOME/evince/-/work_items/35
